-- =====================================================================
-- Over Sauce Lounge — Supabase SEED DATA  (بيانات أولية)
-- ---------------------------------------------------------------------
-- شغّل هذا الملف **مرة واحدة فقط** بعد supabase-setup.sql.
-- يملأ القاعدة بنفس بيانات الموقع الحالية (الفئات، 50 طبق، الكوبونات،
-- العروض، مناطق التوصيل، وإعدادات المطعم).
--
-- كل عمليات الإدخال تستخدم ON CONFLICT DO NOTHING — يعني آمن لو اشتغل
-- بالغلط مرتين (مش هيكرّر صفوف)، لكن إعدادات المطعم تُحدَّث بـ UPDATE
-- لذلك إعادة تشغيله سترجع الإعدادات لقيم الديمو. شغّله مرة واحدة وكفى.
-- =====================================================================

-- ---------- الفئات ----------
insert into public.categories (id, icon, name_ar, name_en, sort_order) values ('appetizers', '🥗', 'المقبلات', 'Appetizers', 1) on conflict (id) do nothing;
insert into public.categories (id, icon, name_ar, name_en, sort_order) values ('soups', '🍲', 'الشوربات', 'Soups', 2) on conflict (id) do nothing;
insert into public.categories (id, icon, name_ar, name_en, sort_order) values ('salads', '🥬', 'السلطات', 'Salads', 3) on conflict (id) do nothing;
insert into public.categories (id, icon, name_ar, name_en, sort_order) values ('grills', '🍖', 'المشاوي', 'Grills', 4) on conflict (id) do nothing;
insert into public.categories (id, icon, name_ar, name_en, sort_order) values ('mains', '🍛', 'الأطباق الرئيسية', 'Main Dishes', 5) on conflict (id) do nothing;
insert into public.categories (id, icon, name_ar, name_en, sort_order) values ('sandwiches', '🥙', 'السندويتشات', 'Sandwiches', 6) on conflict (id) do nothing;
insert into public.categories (id, icon, name_ar, name_en, sort_order) values ('drinks', '🥤', 'المشروبات', 'Drinks', 7) on conflict (id) do nothing;
insert into public.categories (id, icon, name_ar, name_en, sort_order) values ('desserts', '🍮', 'الحلويات', 'Desserts', 8) on conflict (id) do nothing;

-- ---------- الأطباق (50) ----------
insert into public.products (id, category_id, name_ar, name_en, description_ar, description_en, price, old_price, image_url, badges, rating, orders_count, in_stock, sizes, extras, sort_order) values ('ap1', 'appetizers', 'حمص بالطحينة', 'Hummus with Tahini', 'حمص كريمي مع زيت زيتون بكر وزعتر طازج، يُقدّم مع خبز محمّص.', 'Creamy hummus with extra virgin olive oil and fresh thyme, served with toasted bread.', 18, NULL, 'https://images.unsplash.com/photo-1592417817098-8fd3d9eb14a5?q=80&w=900&auto=format&fit=crop', '{new}'::text[], 4.7, 210, true, '[]'::jsonb, '[{"id": "cheese", "name": {"ar": "جبنة إضافية", "en": "Extra Cheese"}, "price": 6}, {"id": "sauce", "name": {"ar": "صلصة إضافية", "en": "Extra Sauce"}, "price": 3}]'::jsonb, 0) on conflict (id) do nothing;
insert into public.products (id, category_id, name_ar, name_en, description_ar, description_en, price, old_price, image_url, badges, rating, orders_count, in_stock, sizes, extras, sort_order) values ('ap2', 'appetizers', 'ورق عنب باللحم', 'Stuffed Grape Leaves', 'ورق عنب محشو بالأرز واللحم المفروم، مطبوخ على نار هادئة.', 'Grape leaves stuffed with rice and minced meat, slow-cooked to perfection.', 26, NULL, 'https://images.unsplash.com/photo-1601050690597-df0568f70950?q=80&w=900&auto=format&fit=crop', '{best}'::text[], 4.8, 340, true, '[]'::jsonb, '[]'::jsonb, 1) on conflict (id) do nothing;
insert into public.products (id, category_id, name_ar, name_en, description_ar, description_en, price, old_price, image_url, badges, rating, orders_count, in_stock, sizes, extras, sort_order) values ('ap3', 'appetizers', 'سمبوسك جبنة', 'Cheese Sambousek', 'عجين مقرمش محشو بالجبنة الذائبة، يُقدّم ساخنًا.', 'Crispy pastry filled with melted cheese, served hot.', 20, NULL, 'https://images.unsplash.com/photo-1601314002957-dd5eef1ad1e9?q=80&w=900&auto=format&fit=crop', '{spicy}'::text[], 4.3, 95, true, '[]'::jsonb, '[]'::jsonb, 2) on conflict (id) do nothing;
insert into public.products (id, category_id, name_ar, name_en, description_ar, description_en, price, old_price, image_url, badges, rating, orders_count, in_stock, sizes, extras, sort_order) values ('ap4', 'appetizers', 'متبل باذنجان', 'Mutabal Eggplant', 'باذنجان مشوي مهروس مع طحينة وثوم وليمون.', 'Smoky grilled eggplant mashed with tahini, garlic and lemon.', 17, NULL, 'https://images.unsplash.com/photo-1541592106381-b31e9677c0e5?q=80&w=900&auto=format&fit=crop', '{}'::text[], 4.4, 110, true, '[]'::jsonb, '[]'::jsonb, 3) on conflict (id) do nothing;
insert into public.products (id, category_id, name_ar, name_en, description_ar, description_en, price, old_price, image_url, badges, rating, orders_count, in_stock, sizes, extras, sort_order) values ('ap5', 'appetizers', 'كبة مقلية', 'Fried Kibbeh', 'كبة برغل محشوة باللحم المفروم والمكسرات، مقلية حتى التحمير.', 'Bulgur shells stuffed with minced meat and nuts, fried until golden.', 24, 29, 'https://images.unsplash.com/photo-1505253716362-afaea1d3d1af?q=80&w=900&auto=format&fit=crop', '{new}'::text[], 4.6, 140, true, '[]'::jsonb, '[]'::jsonb, 4) on conflict (id) do nothing;
insert into public.products (id, category_id, name_ar, name_en, description_ar, description_en, price, old_price, image_url, badges, rating, orders_count, in_stock, sizes, extras, sort_order) values ('ap6', 'appetizers', 'فطائر سبانخ', 'Spinach Pastries', 'فطائر عجين منزلي محشوة بالسبانخ والبصل والسماق.', 'Homemade dough pastries filled with spinach, onion and sumac.', 16, NULL, 'https://images.unsplash.com/photo-1606755962773-d324e0a13086?q=80&w=900&auto=format&fit=crop', '{}'::text[], 4.2, 70, true, '[]'::jsonb, '[]'::jsonb, 5) on conflict (id) do nothing;
insert into public.products (id, category_id, name_ar, name_en, description_ar, description_en, price, old_price, image_url, badges, rating, orders_count, in_stock, sizes, extras, sort_order) values ('ap7', 'appetizers', 'بطاطس ودجز بصلصة الثوم', 'Garlic Potato Wedges', 'بطاطس ودجز مقرمشة تُقدّم مع صلصة الثوم الخاصة بنا.', 'Crispy potato wedges served with our signature garlic sauce.', 15, NULL, 'https://images.unsplash.com/photo-1604908176997-431b41eecaae?q=80&w=900&auto=format&fit=crop', '{best}'::text[], 4.5, 260, true, '[]'::jsonb, '[]'::jsonb, 6) on conflict (id) do nothing;
insert into public.products (id, category_id, name_ar, name_en, description_ar, description_en, price, old_price, image_url, badges, rating, orders_count, in_stock, sizes, extras, sort_order) values ('sp1', 'soups', 'شوربة عدس', 'Lentil Soup', 'شوربة عدس أصفر كريمية معطّرة بالكمون والليمون.', 'Creamy yellow lentil soup scented with cumin and lemon.', 14, NULL, 'https://images.unsplash.com/photo-1547592180-85f173990554?q=80&w=900&auto=format&fit=crop', '{best}'::text[], 4.7, 300, true, '[]'::jsonb, '[]'::jsonb, 7) on conflict (id) do nothing;
insert into public.products (id, category_id, name_ar, name_en, description_ar, description_en, price, old_price, image_url, badges, rating, orders_count, in_stock, sizes, extras, sort_order) values ('sp2', 'soups', 'شوربة فريكة بالدجاج', 'Freekeh Chicken Soup', 'فريكة مطبوخة مع قطع دجاج طرية ومرقة بيتية.', 'Freekeh wheat cooked with tender chicken pieces in a homemade broth.', 18, NULL, 'https://images.unsplash.com/photo-1547592166-23ac45744acd?q=80&w=900&auto=format&fit=crop', '{}'::text[], 4.5, 120, true, '[]'::jsonb, '[]'::jsonb, 8) on conflict (id) do nothing;
insert into public.products (id, category_id, name_ar, name_en, description_ar, description_en, price, old_price, image_url, badges, rating, orders_count, in_stock, sizes, extras, sort_order) values ('sp3', 'soups', 'شوربة خضار', 'Vegetable Soup', 'خضار طازجة مقطّعة في مرقة خفيفة وصحية.', 'Fresh diced vegetables in a light, healthy broth.', 13, NULL, 'https://images.unsplash.com/photo-1603105037880-880cd4edfb0d?q=80&w=900&auto=format&fit=crop', '{}'::text[], 4.1, 80, true, '[]'::jsonb, '[]'::jsonb, 9) on conflict (id) do nothing;
insert into public.products (id, category_id, name_ar, name_en, description_ar, description_en, price, old_price, image_url, badges, rating, orders_count, in_stock, sizes, extras, sort_order) values ('sp4', 'soups', 'شوربة عدس بالشعيرية', 'Lentil Noodle Soup', 'شوربة عدس مع شعيرية رقيقة، طبق مريح ودافئ.', 'Lentil soup with fine vermicelli noodles — a warm comfort dish.', 14, NULL, 'https://images.unsplash.com/photo-1614191999472-31a14e376b67?q=80&w=900&auto=format&fit=crop', '{}'::text[], 4.3, 65, true, '[]'::jsonb, '[]'::jsonb, 10) on conflict (id) do nothing;
insert into public.products (id, category_id, name_ar, name_en, description_ar, description_en, price, old_price, image_url, badges, rating, orders_count, in_stock, sizes, extras, sort_order) values ('sp5', 'soups', 'شوربة كريمة الفطر', 'Cream of Mushroom Soup', 'شوربة فطر كريمية غنية بنكهة الزبدة والثوم.', 'Rich, creamy mushroom soup with butter and garlic notes.', 19, NULL, 'https://images.unsplash.com/photo-1583608205776-bfd35f0d9f83?q=80&w=900&auto=format&fit=crop', '{new}'::text[], 4.6, 55, true, '[]'::jsonb, '[]'::jsonb, 11) on conflict (id) do nothing;
insert into public.products (id, category_id, name_ar, name_en, description_ar, description_en, price, old_price, image_url, badges, rating, orders_count, in_stock, sizes, extras, sort_order) values ('sl1', 'salads', 'فتوش بالرمان', 'Pomegranate Fattoush', 'خضار طازجة، خبز مقرمش، ودبس رمان بنكهة حامضة منعشة.', 'Fresh vegetables, crispy bread and pomegranate molasses for a tangy finish.', 22, NULL, 'https://images.unsplash.com/photo-1505576399279-565b52d4ac71?q=80&w=900&auto=format&fit=crop', '{}'::text[], 4.6, 190, true, '[]'::jsonb, '[]'::jsonb, 12) on conflict (id) do nothing;
insert into public.products (id, category_id, name_ar, name_en, description_ar, description_en, price, old_price, image_url, badges, rating, orders_count, in_stock, sizes, extras, sort_order) values ('sl2', 'salads', 'تبولة لبنانية', 'Lebanese Tabbouleh', 'بقدونس مفروم ناعم مع برغل وطماطم وليمون.', 'Finely chopped parsley with bulgur, tomato and lemon.', 20, NULL, 'https://images.unsplash.com/photo-1512621776951-a57141f2eefd?q=80&w=900&auto=format&fit=crop', '{best}'::text[], 4.8, 275, true, '[]'::jsonb, '[]'::jsonb, 13) on conflict (id) do nothing;
insert into public.products (id, category_id, name_ar, name_en, description_ar, description_en, price, old_price, image_url, badges, rating, orders_count, in_stock, sizes, extras, sort_order) values ('sl3', 'salads', 'سلطة سيزر بالدجاج', 'Chicken Caesar Salad', 'خس روماني، دجاج مشوي، جبن بارميزان وصلصة سيزر.', 'Romaine lettuce, grilled chicken, parmesan and Caesar dressing.', 32, NULL, 'https://images.unsplash.com/photo-1551248429-40975aa4de74?q=80&w=900&auto=format&fit=crop', '{new}'::text[], 4.5, 150, true, '[]'::jsonb, '[{"id": "cheese", "name": {"ar": "جبنة إضافية", "en": "Extra Cheese"}, "price": 6}]'::jsonb, 14) on conflict (id) do nothing;
insert into public.products (id, category_id, name_ar, name_en, description_ar, description_en, price, old_price, image_url, badges, rating, orders_count, in_stock, sizes, extras, sort_order) values ('sl4', 'salads', 'سلطة يونانية', 'Greek Salad', 'خضار طازجة مع جبنة فيتا وزيتون كالاماتا.', 'Fresh vegetables with feta cheese and Kalamata olives.', 24, NULL, 'https://images.unsplash.com/photo-1540420773420-3366772f4999?q=80&w=900&auto=format&fit=crop', '{}'::text[], 4.4, 100, true, '[]'::jsonb, '[]'::jsonb, 15) on conflict (id) do nothing;
insert into public.products (id, category_id, name_ar, name_en, description_ar, description_en, price, old_price, image_url, badges, rating, orders_count, in_stock, sizes, extras, sort_order) values ('sl5', 'salads', 'سلطة الكينوا', 'Quinoa Salad', 'كينوا مع خضار مشكلة وزيت زيتون وليمون، خيار صحي ومنعش.', 'Quinoa with mixed vegetables, olive oil and lemon — a healthy choice.', 26, NULL, 'https://images.unsplash.com/photo-1623428187969-1a4f6c0bc3fd?q=80&w=900&auto=format&fit=crop', '{}'::text[], 4.3, 60, true, '[]'::jsonb, '[]'::jsonb, 16) on conflict (id) do nothing;
insert into public.products (id, category_id, name_ar, name_en, description_ar, description_en, price, old_price, image_url, badges, rating, orders_count, in_stock, sizes, extras, sort_order) values ('gr1', 'grills', 'مشاوي مشكلة', 'Mixed Grill Platter', 'تشكيلة من الكباب والشيش طاووق وكفتة، تُقدّم مع أرز وصلصة الثوم.', 'A selection of kebab, shish tawook and kofta, served with rice and garlic sauce.', 75, NULL, 'https://images.unsplash.com/photo-1544025162-d76694265947?q=80&w=900&auto=format&fit=crop', '{best}'::text[], 4.9, 520, true, '[{"id": "small", "name": {"ar": "صغير", "en": "Small"}, "priceDiff": -8}, {"id": "medium", "name": {"ar": "وسط", "en": "Medium"}, "priceDiff": 0}, {"id": "large", "name": {"ar": "كبير", "en": "Large"}, "priceDiff": 12}]'::jsonb, '[{"id": "cheese", "name": {"ar": "جبنة إضافية", "en": "Extra Cheese"}, "price": 6}, {"id": "sauce", "name": {"ar": "صلصة إضافية", "en": "Extra Sauce"}, "price": 3}, {"id": "toppings", "name": {"ar": "إضافات مشكلة", "en": "Extra Toppings"}, "price": 8}]'::jsonb, 17) on conflict (id) do nothing;
insert into public.products (id, category_id, name_ar, name_en, description_ar, description_en, price, old_price, image_url, badges, rating, orders_count, in_stock, sizes, extras, sort_order) values ('gr2', 'grills', 'فراخ مشوية بالفحم', 'Charcoal Grilled Chicken', 'نصف فرخة متبّلة بأعشاب طازجة ومشوية على الفحم حتى تنضج بعصارتها.', 'Half chicken marinated in fresh herbs, charcoal-grilled to juicy perfection.', 48, NULL, 'https://images.unsplash.com/photo-1598103442097-8b74394b95c6?q=80&w=900&auto=format&fit=crop', '{spicy}'::text[], 4.6, 310, true, '[{"id": "small", "name": {"ar": "صغير", "en": "Small"}, "priceDiff": -8}, {"id": "medium", "name": {"ar": "وسط", "en": "Medium"}, "priceDiff": 0}, {"id": "large", "name": {"ar": "كبير", "en": "Large"}, "priceDiff": 12}]'::jsonb, '[]'::jsonb, 18) on conflict (id) do nothing;
insert into public.products (id, category_id, name_ar, name_en, description_ar, description_en, price, old_price, image_url, badges, rating, orders_count, in_stock, sizes, extras, sort_order) values ('gr3', 'grills', 'كباب لحم', 'Beef Kabab', 'كباب لحم بقري متبّل بالبهارات الخاصة، مشوي على الفحم.', 'Beef kabab seasoned with our signature spices, charcoal-grilled.', 58, NULL, 'https://images.unsplash.com/photo-1607330289024-1535c6b4e1c1?q=80&w=900&auto=format&fit=crop', '{}'::text[], 4.7, 260, true, '[]'::jsonb, '[]'::jsonb, 19) on conflict (id) do nothing;
insert into public.products (id, category_id, name_ar, name_en, description_ar, description_en, price, old_price, image_url, badges, rating, orders_count, in_stock, sizes, extras, sort_order) values ('gr4', 'grills', 'شيش طاووق', 'Shish Tawook', 'قطع دجاج متبّلة باللبن والثوم والليمون، مشوية على الفحم.', 'Chicken pieces marinated in yogurt, garlic and lemon, charcoal-grilled.', 46, NULL, 'https://images.unsplash.com/photo-1555939594-58d7cb561ad1?q=80&w=900&auto=format&fit=crop', '{new}'::text[], 4.6, 220, true, '[]'::jsonb, '[]'::jsonb, 20) on conflict (id) do nothing;
insert into public.products (id, category_id, name_ar, name_en, description_ar, description_en, price, old_price, image_url, badges, rating, orders_count, in_stock, sizes, extras, sort_order) values ('gr5', 'grills', 'كفتة مشوية', 'Grilled Kofta', 'كفتة لحم مفروم بالبقدونس والبصل، مشوية على الفحم.', 'Minced meat kofta with parsley and onion, charcoal-grilled.', 52, NULL, 'https://images.unsplash.com/photo-1529193591184-b1d58069ecc9?q=80&w=900&auto=format&fit=crop', '{}'::text[], 4.5, 180, true, '[]'::jsonb, '[]'::jsonb, 21) on conflict (id) do nothing;
insert into public.products (id, category_id, name_ar, name_en, description_ar, description_en, price, old_price, image_url, badges, rating, orders_count, in_stock, sizes, extras, sort_order) values ('gr6', 'grills', 'ريش غنم', 'Lamb Chops', 'ريش غنم طرية متبّلة بالأعشاب، مشوية على الفحم حتى الإنضاج المثالي.', 'Tender lamb chops marinated in herbs, grilled to perfect doneness.', 95, 110, 'https://images.unsplash.com/photo-1561651823-34feb02250e4?q=80&w=900&auto=format&fit=crop', '{best}'::text[], 4.9, 190, true, '[]'::jsonb, '[]'::jsonb, 22) on conflict (id) do nothing;
insert into public.products (id, category_id, name_ar, name_en, description_ar, description_en, price, old_price, image_url, badges, rating, orders_count, in_stock, sizes, extras, sort_order) values ('gr7', 'grills', 'سمك مشوي بالأعشاب', 'Herb Grilled Fish', 'سمك طازج مشوي بالليمون والأعشاب البحرية، يُقدّم مع أرز أصفر.', 'Fresh fish grilled with lemon and sea herbs, served with yellow rice.', 80, NULL, 'https://images.unsplash.com/photo-1602030638412-bb8dcc0bc8b6?q=80&w=900&auto=format&fit=crop', '{}'::text[], 4.4, 90, false, '[]'::jsonb, '[]'::jsonb, 23) on conflict (id) do nothing;
insert into public.products (id, category_id, name_ar, name_en, description_ar, description_en, price, old_price, image_url, badges, rating, orders_count, in_stock, sizes, extras, sort_order) values ('mn1', 'mains', 'كبسة لحم', 'Lamb Kabsa', 'أرز بسمتي معطّر بالبهارات الخاصة مع قطع لحم طرية مطبوخة ببطء.', 'Basmati rice scented with our special spices, with slow-cooked tender lamb.', 65, NULL, 'https://images.unsplash.com/photo-1631292784640-2b24be784d5d?q=80&w=900&auto=format&fit=crop', '{best}'::text[], 4.8, 410, true, '[{"id": "small", "name": {"ar": "صغير", "en": "Small"}, "priceDiff": -8}, {"id": "medium", "name": {"ar": "وسط", "en": "Medium"}, "priceDiff": 0}, {"id": "large", "name": {"ar": "كبير", "en": "Large"}, "priceDiff": 12}]'::jsonb, '[]'::jsonb, 24) on conflict (id) do nothing;
insert into public.products (id, category_id, name_ar, name_en, description_ar, description_en, price, old_price, image_url, badges, rating, orders_count, in_stock, sizes, extras, sort_order) values ('mn2', 'mains', 'مقلوبة باذنجان', 'Eggplant Maqluba', 'أرز باللحم والباذنجان المقلي، يُقلب ويُقدّم بطريقة تقليدية.', 'Rice with meat and fried eggplant, flipped and served the traditional way.', 55, NULL, 'https://images.unsplash.com/photo-1574894709920-11b28e7367e3?q=80&w=900&auto=format&fit=crop', '{new}'::text[], 4.6, 160, true, '[]'::jsonb, '[]'::jsonb, 25) on conflict (id) do nothing;
insert into public.products (id, category_id, name_ar, name_en, description_ar, description_en, price, old_price, image_url, badges, rating, orders_count, in_stock, sizes, extras, sort_order) values ('mn3', 'mains', 'ملوخية بالدجاج', 'Chicken Molokhia', 'ملوخية مطبوخة بطريقة تقليدية مع قطع الدجاج، تُقدّم مع الأرز.', 'Traditionally cooked molokhia with chicken pieces, served with rice.', 42, NULL, 'https://images.unsplash.com/photo-1599487488170-d11ec9c172f0?q=80&w=900&auto=format&fit=crop', '{}'::text[], 4.3, 130, true, '[]'::jsonb, '[]'::jsonb, 26) on conflict (id) do nothing;
insert into public.products (id, category_id, name_ar, name_en, description_ar, description_en, price, old_price, image_url, badges, rating, orders_count, in_stock, sizes, extras, sort_order) values ('mn4', 'mains', 'فريكة بالدجاج', 'Chicken Freekeh', 'فريكة مطبوخة مع دجاج مشوي ومكسرات محمّصة.', 'Freekeh wheat cooked with grilled chicken and roasted nuts.', 50, NULL, 'https://images.unsplash.com/photo-1585937421612-70a008356c36?q=80&w=900&auto=format&fit=crop', '{}'::text[], 4.5, 95, true, '[]'::jsonb, '[]'::jsonb, 27) on conflict (id) do nothing;
insert into public.products (id, category_id, name_ar, name_en, description_ar, description_en, price, old_price, image_url, badges, rating, orders_count, in_stock, sizes, extras, sort_order) values ('mn5', 'mains', 'مسقعة باللحم', 'Beef Moussaka', 'باذنجان وطماطم ولحم مفروم مطبوخ في طاجن بالفرن.', 'Eggplant, tomato and minced meat baked together in a clay pot.', 48, NULL, 'https://images.unsplash.com/photo-1606728035253-49e8a23146de?q=80&w=900&auto=format&fit=crop', '{}'::text[], 4.2, 70, true, '[]'::jsonb, '[]'::jsonb, 28) on conflict (id) do nothing;
insert into public.products (id, category_id, name_ar, name_en, description_ar, description_en, price, old_price, image_url, badges, rating, orders_count, in_stock, sizes, extras, sort_order) values ('mn6', 'mains', 'أرز بالخضار والدجاج', 'Chicken Vegetable Rice', 'أرز مطبوخ مع قطع دجاج وخضار موسمية مشكّلة.', 'Rice cooked with chicken pieces and a seasonal vegetable medley.', 44, NULL, 'https://images.unsplash.com/photo-1633964913295-ceb43956e36b?q=80&w=900&auto=format&fit=crop', '{}'::text[], 4.1, 85, true, '[]'::jsonb, '[]'::jsonb, 29) on conflict (id) do nothing;
insert into public.products (id, category_id, name_ar, name_en, description_ar, description_en, price, old_price, image_url, badges, rating, orders_count, in_stock, sizes, extras, sort_order) values ('mn7', 'mains', 'مندي لحم', 'Lamb Mandi', 'لحم ضاني مطبوخ على الطريقة اليمنية مع أرز معطّر بالهيل والزعفران.', 'Lamb cooked Yemeni-style with rice scented with cardamom and saffron.', 70, 82, 'https://images.unsplash.com/photo-1567188040759-fb8a883dc6d8?q=80&w=900&auto=format&fit=crop', '{best}'::text[], 4.9, 240, true, '[{"id": "small", "name": {"ar": "صغير", "en": "Small"}, "priceDiff": -8}, {"id": "medium", "name": {"ar": "وسط", "en": "Medium"}, "priceDiff": 0}, {"id": "large", "name": {"ar": "كبير", "en": "Large"}, "priceDiff": 12}]'::jsonb, '[]'::jsonb, 30) on conflict (id) do nothing;
insert into public.products (id, category_id, name_ar, name_en, description_ar, description_en, price, old_price, image_url, badges, rating, orders_count, in_stock, sizes, extras, sort_order) values ('sw1', 'sandwiches', 'شاورما دجاج', 'Chicken Shawarma', 'شاورما دجاج متبّلة بتوابلنا الخاصة مع صلصة الثوم والمخللات.', 'Chicken shawarma seasoned with our special spice mix, garlic sauce and pickles.', 28, NULL, 'https://images.unsplash.com/photo-1606755962773-d324e0a13086?q=80&w=900&auto=format&fit=crop', '{best}'::text[], 4.7, 480, true, '[]'::jsonb, '[{"id": "cheese", "name": {"ar": "جبنة إضافية", "en": "Extra Cheese"}, "price": 6}, {"id": "sauce", "name": {"ar": "صلصة إضافية", "en": "Extra Sauce"}, "price": 3}]'::jsonb, 31) on conflict (id) do nothing;
insert into public.products (id, category_id, name_ar, name_en, description_ar, description_en, price, old_price, image_url, badges, rating, orders_count, in_stock, sizes, extras, sort_order) values ('sw2', 'sandwiches', 'شاورما لحم', 'Beef Shawarma', 'شاورما لحم بقري طرية مع طحينة وخضار طازجة.', 'Tender beef shawarma with tahini sauce and fresh vegetables.', 32, NULL, 'https://images.unsplash.com/photo-1565299585323-38d6b0865b47?q=80&w=900&auto=format&fit=crop', '{}'::text[], 4.6, 290, true, '[]'::jsonb, '[]'::jsonb, 32) on conflict (id) do nothing;
insert into public.products (id, category_id, name_ar, name_en, description_ar, description_en, price, old_price, image_url, badges, rating, orders_count, in_stock, sizes, extras, sort_order) values ('sw3', 'sandwiches', 'برجر لحم مشوي', 'Grilled Beef Burger', 'برجر لحم بقري مشوي مع جبنة شيدر وصلصة خاصة.', 'Grilled beef burger with cheddar cheese and our special sauce.', 38, NULL, 'https://images.unsplash.com/photo-1626700051175-6818013e1d4f?q=80&w=900&auto=format&fit=crop', '{new}'::text[], 4.5, 200, true, '[]'::jsonb, '[{"id": "cheese", "name": {"ar": "جبنة إضافية", "en": "Extra Cheese"}, "price": 6}, {"id": "sauce", "name": {"ar": "صلصة إضافية", "en": "Extra Sauce"}, "price": 3}, {"id": "toppings", "name": {"ar": "إضافات مشكلة", "en": "Extra Toppings"}, "price": 8}]'::jsonb, 33) on conflict (id) do nothing;
insert into public.products (id, category_id, name_ar, name_en, description_ar, description_en, price, old_price, image_url, badges, rating, orders_count, in_stock, sizes, extras, sort_order) values ('sw4', 'sandwiches', 'فلافل بالطحينة', 'Falafel with Tahini', 'فلافل مقرمشة محشوة في خبز طري مع طحينة وخضار.', 'Crispy falafel wrapped in soft bread with tahini and vegetables.', 18, NULL, 'https://images.unsplash.com/photo-1547584370-2cc98b8b8dc8?q=80&w=900&auto=format&fit=crop', '{}'::text[], 4.4, 150, true, '[]'::jsonb, '[]'::jsonb, 34) on conflict (id) do nothing;
insert into public.products (id, category_id, name_ar, name_en, description_ar, description_en, price, old_price, image_url, badges, rating, orders_count, in_stock, sizes, extras, sort_order) values ('sw5', 'sandwiches', 'سندويتش كباب', 'Kabab Sandwich', 'كباب مشوي محشو في خبز صاج مع بصل وبقدونس.', 'Grilled kabab wrapped in saj bread with onion and parsley.', 30, NULL, 'https://images.unsplash.com/photo-1571091655789-405eb7a3a3a8?q=80&w=900&auto=format&fit=crop', '{}'::text[], 4.3, 110, true, '[]'::jsonb, '[]'::jsonb, 35) on conflict (id) do nothing;
insert into public.products (id, category_id, name_ar, name_en, description_ar, description_en, price, old_price, image_url, badges, rating, orders_count, in_stock, sizes, extras, sort_order) values ('sw6', 'sandwiches', 'سندويتش جبنة مشوية', 'Grilled Cheese Sandwich', 'جبنة مشكّلة مشوية في خبز محمّص بالزبدة.', 'Mixed cheese grilled in butter-toasted bread.', 16, NULL, 'https://images.unsplash.com/photo-1600891964092-4316c288032e?q=80&w=900&auto=format&fit=crop', '{}'::text[], 4.0, 40, false, '[]'::jsonb, '[]'::jsonb, 36) on conflict (id) do nothing;
insert into public.products (id, category_id, name_ar, name_en, description_ar, description_en, price, old_price, image_url, badges, rating, orders_count, in_stock, sizes, extras, sort_order) values ('dr1', 'drinks', 'عصير ليمون بالنعناع', 'Lemon Mint Juice', 'ليمون طازج منعش مع أوراق النعناع، يُقدّم مثلجًا.', 'Fresh lemon juice with mint leaves, served chilled.', 14, NULL, 'https://images.unsplash.com/photo-1556679343-c7306c1976bc?q=80&w=900&auto=format&fit=crop', '{}'::text[], 4.6, 320, true, '[]'::jsonb, '[]'::jsonb, 37) on conflict (id) do nothing;
insert into public.products (id, category_id, name_ar, name_en, description_ar, description_en, price, old_price, image_url, badges, rating, orders_count, in_stock, sizes, extras, sort_order) values ('dr2', 'drinks', 'كركديه بارد', 'Iced Hibiscus', 'مشروب الكركديه التقليدي، حلو ومنعش بنكهة عربية أصيلة.', 'Traditional hibiscus drink, sweet and refreshing with an authentic flavor.', 12, NULL, 'https://images.unsplash.com/photo-1497534547324-0ebb3f052e88?q=80&w=900&auto=format&fit=crop', '{}'::text[], 4.4, 180, true, '[]'::jsonb, '[]'::jsonb, 38) on conflict (id) do nothing;
insert into public.products (id, category_id, name_ar, name_en, description_ar, description_en, price, old_price, image_url, badges, rating, orders_count, in_stock, sizes, extras, sort_order) values ('dr3', 'drinks', 'قهوة عربية', 'Arabic Coffee', 'قهوة محمّصة بالهيل، تُقدّم تقليديًا في دلّة فاخرة.', 'Coffee roasted with cardamom, served traditionally from an elegant dallah.', 10, NULL, 'https://images.unsplash.com/photo-1611854779393-1b2da9d400fe?q=80&w=900&auto=format&fit=crop', '{new}'::text[], 4.5, 140, true, '[]'::jsonb, '[]'::jsonb, 39) on conflict (id) do nothing;
insert into public.products (id, category_id, name_ar, name_en, description_ar, description_en, price, old_price, image_url, badges, rating, orders_count, in_stock, sizes, extras, sort_order) values ('dr4', 'drinks', 'عصير مانجو طبيعي', 'Fresh Mango Juice', 'عصير مانجو طبيعي ١٠٠٪، غني بالقوام والنكهة.', '100% natural mango juice, rich in body and flavor.', 16, NULL, 'https://images.unsplash.com/photo-1546173159-315724a31696?q=80&w=900&auto=format&fit=crop', '{best}'::text[], 4.7, 260, true, '[]'::jsonb, '[]'::jsonb, 40) on conflict (id) do nothing;
insert into public.products (id, category_id, name_ar, name_en, description_ar, description_en, price, old_price, image_url, badges, rating, orders_count, in_stock, sizes, extras, sort_order) values ('dr5', 'drinks', 'ليموناضة بالنعناع', 'Mint Lemonade', 'ليمون منعش مع شراب النعناع الطبيعي وثلج مجروش.', 'Refreshing lemon with natural mint syrup and crushed ice.', 15, NULL, 'https://images.unsplash.com/photo-1621263764928-df1444c5e859?q=80&w=900&auto=format&fit=crop', '{}'::text[], 4.3, 95, true, '[]'::jsonb, '[]'::jsonb, 41) on conflict (id) do nothing;
insert into public.products (id, category_id, name_ar, name_en, description_ar, description_en, price, old_price, image_url, badges, rating, orders_count, in_stock, sizes, extras, sort_order) values ('dr6', 'drinks', 'مياه معدنية', 'Mineral Water', 'زجاجة مياه معدنية ٥٠٠ مل.', '500ml bottle of mineral water.', 5, NULL, 'https://images.unsplash.com/photo-1556881286-fc6915169721?q=80&w=900&auto=format&fit=crop', '{}'::text[], 4.0, 400, true, '[]'::jsonb, '[]'::jsonb, 42) on conflict (id) do nothing;
insert into public.products (id, category_id, name_ar, name_en, description_ar, description_en, price, old_price, image_url, badges, rating, orders_count, in_stock, sizes, extras, sort_order) values ('ds1', 'desserts', 'كنافة بالجبن', 'Cheese Kunafa', 'كنافة مقرمشة محشوة بالجبن وقطر السكر، تُقدّم ساخنة.', 'Crispy kunafa stuffed with cheese and sugar syrup, served hot.', 28, NULL, 'https://images.unsplash.com/photo-1519676867240-f03562e64548?q=80&w=900&auto=format&fit=crop', '{best}'::text[], 4.8, 370, true, '[]'::jsonb, '[]'::jsonb, 43) on conflict (id) do nothing;
insert into public.products (id, category_id, name_ar, name_en, description_ar, description_en, price, old_price, image_url, badges, rating, orders_count, in_stock, sizes, extras, sort_order) values ('ds2', 'desserts', 'أم علي', 'Om Ali', 'حلوى مصرية تقليدية بالمكسرات والقشطة، تُقدّم دافئة.', 'Traditional Egyptian dessert with nuts and cream, served warm.', 24, NULL, 'https://images.unsplash.com/photo-1551024506-0bccd828d307?q=80&w=900&auto=format&fit=crop', '{}'::text[], 4.5, 150, true, '[]'::jsonb, '[]'::jsonb, 44) on conflict (id) do nothing;
insert into public.products (id, category_id, name_ar, name_en, description_ar, description_en, price, old_price, image_url, badges, rating, orders_count, in_stock, sizes, extras, sort_order) values ('ds3', 'desserts', 'بقلاوة مشكلة', 'Assorted Baklava', 'تشكيلة من البقلاوة بالفستق واللوز والعسل الطبيعي.', 'An assortment of baklava with pistachio, almond and natural honey.', 30, NULL, 'https://images.unsplash.com/photo-1598110750624-207050c4f28c?q=80&w=900&auto=format&fit=crop', '{new}'::text[], 4.7, 210, true, '[]'::jsonb, '[]'::jsonb, 45) on conflict (id) do nothing;
insert into public.products (id, category_id, name_ar, name_en, description_ar, description_en, price, old_price, image_url, badges, rating, orders_count, in_stock, sizes, extras, sort_order) values ('ds4', 'desserts', 'تيراميسو', 'Tiramisu', 'طبقات من الكريمة والبسكويت المنقوع بالقهوة.', 'Layers of cream and coffee-soaked biscuit.', 26, NULL, 'https://images.unsplash.com/photo-1571877227200-a0d98ea607e9?q=80&w=900&auto=format&fit=crop', '{}'::text[], 4.4, 100, true, '[]'::jsonb, '[]'::jsonb, 46) on conflict (id) do nothing;
insert into public.products (id, category_id, name_ar, name_en, description_ar, description_en, price, old_price, image_url, badges, rating, orders_count, in_stock, sizes, extras, sort_order) values ('ds5', 'desserts', 'مهلبية بالفستق', 'Pistachio Muhallabia', 'حلوى الحليب التقليدية مزينة بالفستق المطحون.', 'Traditional milk pudding garnished with crushed pistachio.', 18, NULL, 'https://images.unsplash.com/photo-1606313564200-e75d5e30476c?q=80&w=900&auto=format&fit=crop', '{}'::text[], 4.3, 80, true, '[]'::jsonb, '[]'::jsonb, 47) on conflict (id) do nothing;
insert into public.products (id, category_id, name_ar, name_en, description_ar, description_en, price, old_price, image_url, badges, rating, orders_count, in_stock, sizes, extras, sort_order) values ('ds6', 'desserts', 'كيكة الشوكولاتة', 'Chocolate Lava Cake', 'كيكة شوكولاتة دافئة بقلب سائل، تُقدّم مع آيس كريم.', 'Warm chocolate cake with a molten center, served with ice cream.', 32, 38, 'https://images.unsplash.com/photo-1623246123320-0d6636755796?q=80&w=900&auto=format&fit=crop', '{best}'::text[], 4.9, 230, true, '[]'::jsonb, '[]'::jsonb, 48) on conflict (id) do nothing;
insert into public.products (id, category_id, name_ar, name_en, description_ar, description_en, price, old_price, image_url, badges, rating, orders_count, in_stock, sizes, extras, sort_order) values ('ds7', 'desserts', 'آيس كريم ٣ نكهات', 'Triple Scoop Ice Cream', 'ثلاث كرات آيس كريم بنكهات مختارة.', 'Three scoops of ice cream in your choice of flavors.', 20, NULL, 'https://images.unsplash.com/photo-1488477181946-6428a0291777?q=80&w=900&auto=format&fit=crop', '{}'::text[], 4.2, 160, true, '[]'::jsonb, '[]'::jsonb, 49) on conflict (id) do nothing;

-- ---------- الكوبونات ----------
insert into public.coupons (code, type, value, min_order, label_ar, label_en, active) values ('WELCOME10', 'percentage', 10, 50, 'خصم ١٠٪ على أول طلب', '10% off your first order', true) on conflict (code) do nothing;
insert into public.coupons (code, type, value, min_order, label_ar, label_en, active) values ('SAVE20', 'fixed', 20, 120, 'خصم ٢٠ ر.س على الطلبات فوق ١٢٠ ر.س', '20 SAR off orders above 120 SAR', true) on conflict (code) do nothing;
insert into public.coupons (code, type, value, min_order, label_ar, label_en, active) values ('OSAUCE25', 'percentage', 25, 200, 'خصم ٢٥٪ على الطلبات الكبيرة', '25% off large orders', true) on conflict (code) do nothing;

-- ---------- العروض (Flash Deals) ----------
insert into public.flash_deals (id, title_ar, title_en, subtitle_ar, subtitle_en, discount_percent, ends_in_hours, active, sort_order) values ('deal1', 'عرض الغداء', 'Lunch Deal', 'خصم ١٥٪ من ١ ظهرًا حتى ٤ عصرًا', '15% off from 1 PM to 4 PM', 15, 3, true, 1) on conflict (id) do nothing;
insert into public.flash_deals (id, title_ar, title_en, subtitle_ar, subtitle_en, discount_percent, ends_in_hours, active, sort_order) values ('deal2', 'عرض نهاية الأسبوع', 'Weekend Special', 'اطلب مشاوي مشكلة واحصل على مشروب مجاني', 'Order the Mixed Grill, get a free drink', 0, 48, true, 2) on conflict (id) do nothing;

-- ---------- مناطق التوصيل ----------
insert into public.delivery_zones (id, name_ar, name_en, fee, eta_minutes, sort_order) values ('zoneA', 'المنطقة أ — وسط المدينة', 'Zone A — Downtown', 10, 25, 1) on conflict (id) do nothing;
insert into public.delivery_zones (id, name_ar, name_en, fee, eta_minutes, sort_order) values ('zoneB', 'المنطقة ب — الضواحي القريبة', 'Zone B — Nearby Suburbs', 18, 40, 2) on conflict (id) do nothing;
insert into public.delivery_zones (id, name_ar, name_en, fee, eta_minutes, sort_order) values ('zoneC', 'المنطقة ج — خارج المدينة', 'Zone C — Outer Areas', 28, 60, 3) on conflict (id) do nothing;

-- ---------- إعدادات المطعم ----------
-- (لا نلمسها هنا إطلاقًا — تُضبط بالكامل من ملف oversauce-real-data.sql.
--  بهذا لا يفرق ترتيب التشغيل، ولا تتسرّب أي قيم تجريبية للإعدادات.)


-- تم. بيانات القائمة الآن داخل Supabase. ✅
